{
  "auc": 0.9867221339390323,
  "best_iteration": 99,
  "best_score": 0.05047523202504752,
  "params": {
    "tree_method": "hist",
    "device": "cuda",
    "nthread": 12,
    "max_bin": 512,
    "early_stopping_rounds": 50,
    "eval_metric": [
      "auc",
      "error"
    ],
    "verbosity": 1,
    "max_depth": 9,
    "learning_rate": 0.03390942329293072,
    "subsample": 0.8935529941075223,
    "colsample_bytree": 0.8468317434009265,
    "min_child_weight": 6,
    "gamma": 0.3876821894139413,
    "reg_alpha": 1.2975550194074517,
    "reg_lambda": 1.5552064648767434
  },
  "n_features": 10,
  "training_time_minutes": 0.0333732803662618,
  "peak_memory_percent": 23.2,
  "gpu_enabled": true
}