{
  "auc": 0.9869062540579158,
  "best_iteration": 98,
  "best_score": 0.05036341272503634,
  "params": {
    "tree_method": "hist",
    "device": "cuda",
    "nthread": 12,
    "max_bin": 512,
    "early_stopping_rounds": 50,
    "eval_metric": [
      "auc",
      "error"
    ],
    "verbosity": 1,
    "max_depth": 9,
    "learning_rate": 0.03390942329293072,
    "subsample": 0.8935529941075223,
    "colsample_bytree": 0.8468317434009265,
    "min_child_weight": 6,
    "gamma": 0.3876821894139413,
    "reg_alpha": 1.2975550194074517,
    "reg_lambda": 1.5552064648767434
  },
  "n_features": 10,
  "feature_names": [
    "m_gg",
    "opening_angle",
    "cos_theta",
    "E_asym",
    "e_min_x_angle",
    "E1",
    "E2",
    "E3",
    "asym_x_angle",
    "E_diff"
  ],
  "training_time_minutes": 0.03723865350087484,
  "peak_memory_percent": 29.0,
  "gpu_enabled": true
}